{
  "version": "7",
  "dialect": "mysql",
  "entries": [
    {
      "idx": 0,
      "version": "5",
      "when": 1770824716534,
      "tag": "0000_strange_marten_broadcloak",
      "breakpoints": true
    },
    {
      "idx": 1,
      "version": "5",
      "when": 1770824793446,
      "tag": "0001_striped_dracula",
      "breakpoints": true
    },
    {
      "idx": 2,
      "version": "5",
      "when": 1770882061684,
      "tag": "0002_oval_lenny_balinger",
      "breakpoints": true
    },
    {
      "idx": 3,
      "version": "5",
      "when": 1770888112452,
      "tag": "0003_amused_frog_thor",
      "breakpoints": true
    },
    {
      "idx": 4,
      "version": "5",
      "when": 1770888506804,
      "tag": "0004_even_union_jack",
      "breakpoints": true
    },
    {
      "idx": 5,
      "version": "5",
      "when": 1770891895424,
      "tag": "0005_nervous_next_avengers",
      "breakpoints": true
    }
  ]
}